{"cameraMode":{"drawMode":0,"name":"Shaded","section":"Shading Mode"},"sceneLighting":false,"audioPlay":false,"sceneViewState":{"showFog":true,"showMaterialUpdate":false,"showSkybox":false,"showFlares":true,"showImageEffects":true,"showParticleSystems":true},"in2DMode":false,"pivot":{"x":20.829999923706056,"y":0.9394921064376831,"z":5.569632530212402},"rotation":{"x":-0.23326347768306733,"y":0.054515350610017779,"z":-0.013099280185997486,"w":-0.9707958698272705},"size":6.258992671966553,"orthographic":false}